"HITId","HITTypeId","Title","Description","Keywords","Reward","CreationTime","MaxAssignments","RequesterAnnotation","AssignmentDurationInSeconds","AutoApprovalDelayInSeconds","Expiration","NumberOfSimilarHITs","LifetimeInSeconds","AssignmentId","WorkerId","AssignmentStatus","AcceptTime","SubmitTime","AutoApprovalTime","ApprovalTime","RejectionTime","RequesterFeedback","WorkTimeInSeconds","LifetimeApprovalRate","Last30DaysApprovalRate","Last7DaysApprovalRate","Input.index","Input.post_title","Input.post_text","Input.post_url","Input.post_time","Input.subreddit","Answer.anxious","Answer.attention","Answer.concern","Answer.negativity","Approve","Reject"
"3126F2F5F9YBTHYSXKQYW6X6F6FEP5","3R4WH3MP1MOWZ8DZFP0Z9161PA21PS","Psychological affects of climate change","Labeling Reddit posts","posts, reddit, climatechange, emotions","$0.11","Mon Dec 13 09:26:18 PST 2021","7","BatchId:4630408;OriginalHitTemplateId:928390909;","3600","259200","Wed Dec 15 09:26:18 PST 2021","","","3GA6AFUKOQJJSMI1FQ6YSPM8VP3H3B","A1CF6U3GF7DZEJ","Approved","Mon Dec 13 10:13:02 PST 2021","Mon Dec 13 10:13:24 PST 2021","Thu Dec 16 10:13:24 PST 2021","Thu Dec 16 10:14:18 PST 2021","","","22","100% (60/60)","100% (49/49)","100% (37/37)","112","Is there any hope?","How do you not become desperate? My country is enduring a terrible heat wave. I researched online. Isn't it that, if we don't manage to stop global warming right now before it hits 2°C, we're basically all doomed? I have the feeling this is not taken seriously enough and that only few measures are taken against climate change. Any optimistic voices? Anything? How do you deal with climate change worries?","https://www.reddit.com/r/climate/comments/o3tj8s/is_there_any_hope/","20/06/2021","climate","5","6","5","5"
"3126F2F5F9YBTHYSXKQYW6X6F6FEP5","3R4WH3MP1MOWZ8DZFP0Z9161PA21PS","Psychological affects of climate change","Labeling Reddit posts","posts, reddit, climatechange, emotions","$0.11","Mon Dec 13 09:26:18 PST 2021","7","BatchId:4630408;OriginalHitTemplateId:928390909;","3600","259200","Wed Dec 15 09:26:18 PST 2021","","","3C44YUNSI3K9NVIMRSKFE7AB8T1DP9","A1IZ4NX41GKU4X","Approved","Mon Dec 13 09:49:00 PST 2021","Mon Dec 13 09:49:24 PST 2021","Thu Dec 16 09:49:24 PST 2021","Thu Dec 16 09:50:18 PST 2021","","","24","100% (268/268)","100% (195/195)","100% (174/174)","112","Is there any hope?","How do you not become desperate? My country is enduring a terrible heat wave. I researched online. Isn't it that, if we don't manage to stop global warming right now before it hits 2°C, we're basically all doomed? I have the feeling this is not taken seriously enough and that only few measures are taken against climate change. Any optimistic voices? Anything? How do you deal with climate change worries?","https://www.reddit.com/r/climate/comments/o3tj8s/is_there_any_hope/","20/06/2021","climate","5","6","5","5"
"3126F2F5F9YBTHYSXKQYW6X6F6FEP5","3R4WH3MP1MOWZ8DZFP0Z9161PA21PS","Psychological affects of climate change","Labeling Reddit posts","posts, reddit, climatechange, emotions","$0.11","Mon Dec 13 09:26:18 PST 2021","7","BatchId:4630408;OriginalHitTemplateId:928390909;","3600","259200","Wed Dec 15 09:26:18 PST 2021","","","33FBRBDW6QUECBDR5FNT8FX3YKMC8N","A1PAR1TMKFPKQE","Approved","Mon Dec 13 13:04:09 PST 2021","Mon Dec 13 13:04:42 PST 2021","Thu Dec 16 13:04:42 PST 2021","Thu Dec 16 13:05:21 PST 2021","","","33","100% (45/45)","100% (45/45)","100% (34/34)","112","Is there any hope?","How do you not become desperate? My country is enduring a terrible heat wave. I researched online. Isn't it that, if we don't manage to stop global warming right now before it hits 2°C, we're basically all doomed? I have the feeling this is not taken seriously enough and that only few measures are taken against climate change. Any optimistic voices? Anything? How do you deal with climate change worries?","https://www.reddit.com/r/climate/comments/o3tj8s/is_there_any_hope/","20/06/2021","climate","5","8","5","5"
"3126F2F5F9YBTHYSXKQYW6X6F6FEP5","3R4WH3MP1MOWZ8DZFP0Z9161PA21PS","Psychological affects of climate change","Labeling Reddit posts","posts, reddit, climatechange, emotions","$0.11","Mon Dec 13 09:26:18 PST 2021","7","BatchId:4630408;OriginalHitTemplateId:928390909;","3600","259200","Wed Dec 15 09:26:18 PST 2021","","","34MAJL3QP6IPGAU60JMFY0D4QL9436","A219VCQZADQ45W","Approved","Mon Dec 13 12:45:33 PST 2021","Mon Dec 13 12:46:02 PST 2021","Thu Dec 16 12:46:02 PST 2021","Thu Dec 16 12:46:21 PST 2021","","","29","100% (129/129)","100% (10/10)","0% (0/0)","112","Is there any hope?","How do you not become desperate? My country is enduring a terrible heat wave. I researched online. Isn't it that, if we don't manage to stop global warming right now before it hits 2°C, we're basically all doomed? I have the feeling this is not taken seriously enough and that only few measures are taken against climate change. Any optimistic voices? Anything? How do you deal with climate change worries?","https://www.reddit.com/r/climate/comments/o3tj8s/is_there_any_hope/","20/06/2021","climate","5","8","5","5"
"3126F2F5F9YBTHYSXKQYW6X6F6FEP5","3R4WH3MP1MOWZ8DZFP0Z9161PA21PS","Psychological affects of climate change","Labeling Reddit posts","posts, reddit, climatechange, emotions","$0.11","Mon Dec 13 09:26:18 PST 2021","7","BatchId:4630408;OriginalHitTemplateId:928390909;","3600","259200","Wed Dec 15 09:26:18 PST 2021","","","39GAF6DQWTVS0KZ6XB9JJXYK5OD1VE","A3E26Y02PGX10Y","Approved","Tue Dec 14 22:32:32 PST 2021","Tue Dec 14 22:33:13 PST 2021","Fri Dec 17 22:33:13 PST 2021","Fri Dec 17 22:34:04 PST 2021","","","41","100% (20/20)","100% (20/20)","100% (3/3)","112","Is there any hope?","How do you not become desperate? My country is enduring a terrible heat wave. I researched online. Isn't it that, if we don't manage to stop global warming right now before it hits 2°C, we're basically all doomed? I have the feeling this is not taken seriously enough and that only few measures are taken against climate change. Any optimistic voices? Anything? How do you deal with climate change worries?","https://www.reddit.com/r/climate/comments/o3tj8s/is_there_any_hope/","20/06/2021","climate","5","8","5","5"
"3126F2F5F9YBTHYSXKQYW6X6F6FEP5","3R4WH3MP1MOWZ8DZFP0Z9161PA21PS","Psychological affects of climate change","Labeling Reddit posts","posts, reddit, climatechange, emotions","$0.11","Mon Dec 13 09:26:18 PST 2021","7","BatchId:4630408;OriginalHitTemplateId:928390909;","3600","259200","Wed Dec 15 09:26:18 PST 2021","","","32SCWG5HIJZA2M37H5C1810JR796P5","AKSJ3C5O3V9RB","Approved","Mon Dec 13 09:28:00 PST 2021","Mon Dec 13 09:31:22 PST 2021","Thu Dec 16 09:31:22 PST 2021","Thu Dec 16 09:32:18 PST 2021","","","202","100% (29/29)","100% (20/20)","100% (17/17)","112","Is there any hope?","How do you not become desperate? My country is enduring a terrible heat wave. I researched online. Isn't it that, if we don't manage to stop global warming right now before it hits 2°C, we're basically all doomed? I have the feeling this is not taken seriously enough and that only few measures are taken against climate change. Any optimistic voices? Anything? How do you deal with climate change worries?","https://www.reddit.com/r/climate/comments/o3tj8s/is_there_any_hope/","20/06/2021","climate","5","6","5","4"
"31KSVEGZ35NQMU0YVCOTN74LNS8WRV","3R4WH3MP1MOWZ8DZFP0Z9161PA21PS","Psychological affects of climate change","Labeling Reddit posts","posts, reddit, climatechange, emotions","$0.11","Mon Dec 13 09:26:18 PST 2021","7","BatchId:4630408;OriginalHitTemplateId:928390909;","3600","259200","Wed Dec 15 09:26:18 PST 2021","","","3HUTX6F6VWI4ZL85F3NJTOEH1XHO2V","A1CF6U3GF7DZEJ","Approved","Mon Dec 13 10:07:56 PST 2021","Mon Dec 13 10:08:21 PST 2021","Thu Dec 16 10:08:21 PST 2021","Thu Dec 16 10:09:18 PST 2021","","","25","100% (60/60)","100% (49/49)","100% (37/37)","28","Why is this year's summer so cold in Europe and so hot in North America?","Central Europe's summer this year has been weeks of rain and temperatures rarely if ever extending 22°C while Canada and the USA have had heat records of over 50°C. This seems a bit strange to me and I don't quite understand how it works.","https://www.reddit.com/r/climate/comments/ojy3cz/why_is_this_years_summer_so_cold_in_europe_and_so/","14/07/2021","climate","4","6","4","4"
"31KSVEGZ35NQMU0YVCOTN74LNS8WRV","3R4WH3MP1MOWZ8DZFP0Z9161PA21PS","Psychological affects of climate change","Labeling Reddit posts","posts, reddit, climatechange, emotions","$0.11","Mon Dec 13 09:26:18 PST 2021","7","BatchId:4630408;OriginalHitTemplateId:928390909;","3600","259200","Wed Dec 15 09:26:18 PST 2021","","","3EQHHY4HQUN865AU93C9MM8RULG5GP","A1IZ4NX41GKU4X","Approved","Mon Dec 13 09:48:28 PST 2021","Mon Dec 13 09:48:59 PST 2021","Thu Dec 16 09:48:59 PST 2021","Thu Dec 16 09:49:18 PST 2021","","","31","100% (268/268)","100% (195/195)","100% (174/174)","28","Why is this year's summer so cold in Europe and so hot in North America?","Central Europe's summer this year has been weeks of rain and temperatures rarely if ever extending 22°C while Canada and the USA have had heat records of over 50°C. This seems a bit strange to me and I don't quite understand how it works.","https://www.reddit.com/r/climate/comments/ojy3cz/why_is_this_years_summer_so_cold_in_europe_and_so/","14/07/2021","climate","1","6","1","1"
"31KSVEGZ35NQMU0YVCOTN74LNS8WRV","3R4WH3MP1MOWZ8DZFP0Z9161PA21PS","Psychological affects of climate change","Labeling Reddit posts","posts, reddit, climatechange, emotions","$0.11","Mon Dec 13 09:26:18 PST 2021","7","BatchId:4630408;OriginalHitTemplateId:928390909;","3600","259200","Wed Dec 15 09:26:18 PST 2021","","","3B2X28YI3YA8YS2XY0U0DHVUA4XB6U","A1PAR1TMKFPKQE","Approved","Mon Dec 13 13:07:56 PST 2021","Mon Dec 13 13:08:46 PST 2021","Thu Dec 16 13:08:46 PST 2021","Thu Dec 16 13:09:21 PST 2021","","","50","100% (45/45)","100% (45/45)","100% (34/34)","28","Why is this year's summer so cold in Europe and so hot in North America?","Central Europe's summer this year has been weeks of rain and temperatures rarely if ever extending 22°C while Canada and the USA have had heat records of over 50°C. This seems a bit strange to me and I don't quite understand how it works.","https://www.reddit.com/r/climate/comments/ojy3cz/why_is_this_years_summer_so_cold_in_europe_and_so/","14/07/2021","climate","3","8","2","2"
"31KSVEGZ35NQMU0YVCOTN74LNS8WRV","3R4WH3MP1MOWZ8DZFP0Z9161PA21PS","Psychological affects of climate change","Labeling Reddit posts","posts, reddit, climatechange, emotions","$0.11","Mon Dec 13 09:26:18 PST 2021","7","BatchId:4630408;OriginalHitTemplateId:928390909;","3600","259200","Wed Dec 15 09:26:18 PST 2021","","","31UV0MXWNS7M2WGPZRCC7YL79Z0I5O","A219VCQZADQ45W","Approved","Mon Dec 13 12:40:07 PST 2021","Mon Dec 13 12:40:38 PST 2021","Thu Dec 16 12:40:38 PST 2021","Thu Dec 16 12:41:21 PST 2021","","","31","100% (129/129)","100% (10/10)","0% (0/0)","28","Why is this year's summer so cold in Europe and so hot in North America?","Central Europe's summer this year has been weeks of rain and temperatures rarely if ever extending 22°C while Canada and the USA have had heat records of over 50°C. This seems a bit strange to me and I don't quite understand how it works.","https://www.reddit.com/r/climate/comments/ojy3cz/why_is_this_years_summer_so_cold_in_europe_and_so/","14/07/2021","climate","2","8","2","3"
"31KSVEGZ35NQMU0YVCOTN74LNS8WRV","3R4WH3MP1MOWZ8DZFP0Z9161PA21PS","Psychological affects of climate change","Labeling Reddit posts","posts, reddit, climatechange, emotions","$0.11","Mon Dec 13 09:26:18 PST 2021","7","BatchId:4630408;OriginalHitTemplateId:928390909;","3600","259200","Wed Dec 15 09:26:18 PST 2021","","","36TFCYNS465V8KPFZFDMZ5BC2OGHXV","A3E26Y02PGX10Y","Approved","Tue Dec 14 22:34:18 PST 2021","Tue Dec 14 22:35:03 PST 2021","Fri Dec 17 22:35:03 PST 2021","Fri Dec 17 22:35:04 PST 2021","","","45","100% (20/20)","100% (20/20)","100% (3/3)","28","Why is this year's summer so cold in Europe and so hot in North America?","Central Europe's summer this year has been weeks of rain and temperatures rarely if ever extending 22°C while Canada and the USA have had heat records of over 50°C. This seems a bit strange to me and I don't quite understand how it works.","https://www.reddit.com/r/climate/comments/ojy3cz/why_is_this_years_summer_so_cold_in_europe_and_so/","14/07/2021","climate","2","8","3","2"
"3O2Y2UIUCRP2O418F35WI7W7XXOKFS","3R4WH3MP1MOWZ8DZFP0Z9161PA21PS","Psychological affects of climate change","Labeling Reddit posts","posts, reddit, climatechange, emotions","$0.11","Mon Dec 13 09:26:18 PST 2021","7","BatchId:4630408;OriginalHitTemplateId:928390909;","3600","259200","Wed Dec 15 09:26:18 PST 2021","","","39GHHAVOMHM01OWV34E2E7UTMH3J43","A1CF6U3GF7DZEJ","Approved","Mon Dec 13 10:10:41 PST 2021","Mon Dec 13 10:11:03 PST 2021","Thu Dec 16 10:11:03 PST 2021","Thu Dec 16 10:11:18 PST 2021","","","22","100% (60/60)","100% (49/49)","100% (37/37)","35","Do climate models account for additional emissions from forest fires?","I would guess forest fires cause quite a bit of emissions (though I am curious to see how they compare in the big picture). Do climate forecast models assume some number of forest fires contributing as things heat up? How much of our forests should we expect to lose in the next 10 years?","https://www.reddit.com/r/climate/comments/oixony/do_climate_models_account_for_additional/","12/07/2021","climate","4","6","4","4"
"3O2Y2UIUCRP2O418F35WI7W7XXOKFS","3R4WH3MP1MOWZ8DZFP0Z9161PA21PS","Psychological affects of climate change","Labeling Reddit posts","posts, reddit, climatechange, emotions","$0.11","Mon Dec 13 09:26:18 PST 2021","7","BatchId:4630408;OriginalHitTemplateId:928390909;","3600","259200","Wed Dec 15 09:26:18 PST 2021","","","3PB5A5BD0X1NT9ODXWR6K6MNLRBG7F","A1IZ4NX41GKU4X","Approved","Mon Dec 13 09:50:38 PST 2021","Mon Dec 13 09:51:30 PST 2021","Thu Dec 16 09:51:30 PST 2021","Thu Dec 16 09:52:18 PST 2021","","","52","100% (268/268)","100% (195/195)","100% (174/174)","35","Do climate models account for additional emissions from forest fires?","I would guess forest fires cause quite a bit of emissions (though I am curious to see how they compare in the big picture). Do climate forecast models assume some number of forest fires contributing as things heat up? How much of our forests should we expect to lose in the next 10 years?","https://www.reddit.com/r/climate/comments/oixony/do_climate_models_account_for_additional/","12/07/2021","climate","2","6","3","2"
"3O2Y2UIUCRP2O418F35WI7W7XXOKFS","3R4WH3MP1MOWZ8DZFP0Z9161PA21PS","Psychological affects of climate change","Labeling Reddit posts","posts, reddit, climatechange, emotions","$0.11","Mon Dec 13 09:26:18 PST 2021","7","BatchId:4630408;OriginalHitTemplateId:928390909;","3600","259200","Wed Dec 15 09:26:18 PST 2021","","","373ERPL3YQ31GXUYQAOJO6SCCYBRTY","A1PAR1TMKFPKQE","Approved","Mon Dec 13 13:10:20 PST 2021","Mon Dec 13 13:11:10 PST 2021","Thu Dec 16 13:11:10 PST 2021","Thu Dec 16 13:11:21 PST 2021","","","50","100% (45/45)","100% (45/45)","100% (34/34)","35","Do climate models account for additional emissions from forest fires?","I would guess forest fires cause quite a bit of emissions (though I am curious to see how they compare in the big picture). Do climate forecast models assume some number of forest fires contributing as things heat up? How much of our forests should we expect to lose in the next 10 years?","https://www.reddit.com/r/climate/comments/oixony/do_climate_models_account_for_additional/","12/07/2021","climate","3","8","4","2"
"3O2Y2UIUCRP2O418F35WI7W7XXOKFS","3R4WH3MP1MOWZ8DZFP0Z9161PA21PS","Psychological affects of climate change","Labeling Reddit posts","posts, reddit, climatechange, emotions","$0.11","Mon Dec 13 09:26:18 PST 2021","7","BatchId:4630408;OriginalHitTemplateId:928390909;","3600","259200","Wed Dec 15 09:26:18 PST 2021","","","3JCG6DTRV5LOCGN6WR5OEB7KW55QQD","A219VCQZADQ45W","Approved","Mon Dec 13 12:46:03 PST 2021","Mon Dec 13 12:46:38 PST 2021","Thu Dec 16 12:46:38 PST 2021","Thu Dec 16 12:47:21 PST 2021","","","35","100% (129/129)","100% (10/10)","0% (0/0)","35","Do climate models account for additional emissions from forest fires?","I would guess forest fires cause quite a bit of emissions (though I am curious to see how they compare in the big picture). Do climate forecast models assume some number of forest fires contributing as things heat up? How much of our forests should we expect to lose in the next 10 years?","https://www.reddit.com/r/climate/comments/oixony/do_climate_models_account_for_additional/","12/07/2021","climate","2","8","2","2"
"3O2Y2UIUCRP2O418F35WI7W7XXOKFS","3R4WH3MP1MOWZ8DZFP0Z9161PA21PS","Psychological affects of climate change","Labeling Reddit posts","posts, reddit, climatechange, emotions","$0.11","Mon Dec 13 09:26:18 PST 2021","7","BatchId:4630408;OriginalHitTemplateId:928390909;","3600","259200","Wed Dec 15 09:26:18 PST 2021","","","3DUZQ9U6SOJSU4Y0AUO3FYLTVKLSVC","A2ELXYKRPPGRPB","Approved","Mon Dec 13 11:22:12 PST 2021","Mon Dec 13 11:22:31 PST 2021","Thu Dec 16 11:22:31 PST 2021","Thu Dec 16 11:23:18 PST 2021","","","19","100% (25/25)","100% (24/24)","100% (17/17)","35","Do climate models account for additional emissions from forest fires?","I would guess forest fires cause quite a bit of emissions (though I am curious to see how they compare in the big picture). Do climate forecast models assume some number of forest fires contributing as things heat up? How much of our forests should we expect to lose in the next 10 years?","https://www.reddit.com/r/climate/comments/oixony/do_climate_models_account_for_additional/","12/07/2021","climate","2","6","2","1"
"3O2Y2UIUCRP2O418F35WI7W7XXOKFS","3R4WH3MP1MOWZ8DZFP0Z9161PA21PS","Psychological affects of climate change","Labeling Reddit posts","posts, reddit, climatechange, emotions","$0.11","Mon Dec 13 09:26:18 PST 2021","7","BatchId:4630408;OriginalHitTemplateId:928390909;","3600","259200","Wed Dec 15 09:26:18 PST 2021","","","3HQUKB7LNH9YMUP0UBV0WJNIEYXHH2","A3E26Y02PGX10Y","Approved","Tue Dec 14 22:30:43 PST 2021","Tue Dec 14 22:31:29 PST 2021","Fri Dec 17 22:31:29 PST 2021","Fri Dec 17 22:32:04 PST 2021","","","46","100% (20/20)","100% (20/20)","100% (3/3)","35","Do climate models account for additional emissions from forest fires?","I would guess forest fires cause quite a bit of emissions (though I am curious to see how they compare in the big picture). Do climate forecast models assume some number of forest fires contributing as things heat up? How much of our forests should we expect to lose in the next 10 years?","https://www.reddit.com/r/climate/comments/oixony/do_climate_models_account_for_additional/","12/07/2021","climate","3","8","3","3"
"3O2Y2UIUCRP2O418F35WI7W7XXOKFS","3R4WH3MP1MOWZ8DZFP0Z9161PA21PS","Psychological affects of climate change","Labeling Reddit posts","posts, reddit, climatechange, emotions","$0.11","Mon Dec 13 09:26:18 PST 2021","7","BatchId:4630408;OriginalHitTemplateId:928390909;","3600","259200","Wed Dec 15 09:26:18 PST 2021","","","3AMW0RGHOFXI979ZGMYIACM5MX1PN1","AGNJKSH5LFKXZ","Approved","Mon Dec 13 09:42:28 PST 2021","Mon Dec 13 09:45:57 PST 2021","Thu Dec 16 09:45:57 PST 2021","Thu Dec 16 09:46:18 PST 2021","","","209","100% (4/4)","100% (3/3)","0% (0/0)","35","Do climate models account for additional emissions from forest fires?","I would guess forest fires cause quite a bit of emissions (though I am curious to see how they compare in the big picture). Do climate forecast models assume some number of forest fires contributing as things heat up? How much of our forests should we expect to lose in the next 10 years?","https://www.reddit.com/r/climate/comments/oixony/do_climate_models_account_for_additional/","12/07/2021","climate","3","6","4","4"
"3X55NP42EPB8JJIV8092DFT9OHPP3P","3R4WH3MP1MOWZ8DZFP0Z9161PA21PS","Psychological affects of climate change","Labeling Reddit posts","posts, reddit, climatechange, emotions","$0.11","Mon Dec 13 09:26:18 PST 2021","7","BatchId:4630408;OriginalHitTemplateId:928390909;","3600","259200","Wed Dec 15 09:26:18 PST 2021","","","3KAKFY4PGWXJOHTLL8OJS1NNV2H3IP","A1CF6U3GF7DZEJ","Approved","Mon Dec 13 09:58:11 PST 2021","Mon Dec 13 09:58:47 PST 2021","Thu Dec 16 09:58:47 PST 2021","Thu Dec 16 09:59:18 PST 2021","","","36","100% (60/60)","100% (49/49)","100% (37/37)","126","What do you guys think is going to happen to LA in the several decades?","This is coming from somone who is planning on pursuing a career in the animation industry their but is concerned that by the time I'm able to have the career/job I want there climate change will render Los Angeles unlivable. I mean look at the forecast 120 degree heat, worst drought ever, and like worst fire season ever. My only hope is that Hollywood moves like the rest of Californians and a state like NY will be the new home of Pixar and Disney and the rest of Animation.","https://www.reddit.com/r/climate/comments/nzbem1/what_do_you_guys_think_is_going_to_happen_to_la/","14/06/2021","climate","5","6","5","4"
"3X55NP42EPB8JJIV8092DFT9OHPP3P","3R4WH3MP1MOWZ8DZFP0Z9161PA21PS","Psychological affects of climate change","Labeling Reddit posts","posts, reddit, climatechange, emotions","$0.11","Mon Dec 13 09:26:18 PST 2021","7","BatchId:4630408;OriginalHitTemplateId:928390909;","3600","259200","Wed Dec 15 09:26:18 PST 2021","","","3YHH42UU5DAPXQ2UNO3DIJH89URL0Q","A1IZ4NX41GKU4X","Approved","Mon Dec 13 09:50:11 PST 2021","Mon Dec 13 09:50:38 PST 2021","Thu Dec 16 09:50:38 PST 2021","Thu Dec 16 09:51:18 PST 2021","","","27","100% (268/268)","100% (195/195)","100% (174/174)","126","What do you guys think is going to happen to LA in the several decades?","This is coming from somone who is planning on pursuing a career in the animation industry their but is concerned that by the time I'm able to have the career/job I want there climate change will render Los Angeles unlivable. I mean look at the forecast 120 degree heat, worst drought ever, and like worst fire season ever. My only hope is that Hollywood moves like the rest of Californians and a state like NY will be the new home of Pixar and Disney and the rest of Animation.","https://www.reddit.com/r/climate/comments/nzbem1/what_do_you_guys_think_is_going_to_happen_to_la/","14/06/2021","climate","5","6","5","5"
"3X55NP42EPB8JJIV8092DFT9OHPP3P","3R4WH3MP1MOWZ8DZFP0Z9161PA21PS","Psychological affects of climate change","Labeling Reddit posts","posts, reddit, climatechange, emotions","$0.11","Mon Dec 13 09:26:18 PST 2021","7","BatchId:4630408;OriginalHitTemplateId:928390909;","3600","259200","Wed Dec 15 09:26:18 PST 2021","","","3KRVW3HTZPG94H4RW2NCS22G4SYSMM","A1PAR1TMKFPKQE","Approved","Mon Dec 13 13:11:14 PST 2021","Mon Dec 13 13:12:11 PST 2021","Thu Dec 16 13:12:11 PST 2021","Thu Dec 16 13:12:21 PST 2021","","","57","100% (45/45)","100% (45/45)","100% (34/34)","126","What do you guys think is going to happen to LA in the several decades?","This is coming from somone who is planning on pursuing a career in the animation industry their but is concerned that by the time I'm able to have the career/job I want there climate change will render Los Angeles unlivable. I mean look at the forecast 120 degree heat, worst drought ever, and like worst fire season ever. My only hope is that Hollywood moves like the rest of Californians and a state like NY will be the new home of Pixar and Disney and the rest of Animation.","https://www.reddit.com/r/climate/comments/nzbem1/what_do_you_guys_think_is_going_to_happen_to_la/","14/06/2021","climate","5","8","5","4"
"3X55NP42EPB8JJIV8092DFT9OHPP3P","3R4WH3MP1MOWZ8DZFP0Z9161PA21PS","Psychological affects of climate change","Labeling Reddit posts","posts, reddit, climatechange, emotions","$0.11","Mon Dec 13 09:26:18 PST 2021","7","BatchId:4630408;OriginalHitTemplateId:928390909;","3600","259200","Wed Dec 15 09:26:18 PST 2021","","","3ZOTGHDK5K6X4KP39I2PK6RLZS6SOU","A219VCQZADQ45W","Approved","Mon Dec 13 12:39:19 PST 2021","Mon Dec 13 12:40:06 PST 2021","Thu Dec 16 12:40:06 PST 2021","Thu Dec 16 12:40:21 PST 2021","","","47","100% (129/129)","100% (10/10)","0% (0/0)","126","What do you guys think is going to happen to LA in the several decades?","This is coming from somone who is planning on pursuing a career in the animation industry their but is concerned that by the time I'm able to have the career/job I want there climate change will render Los Angeles unlivable. I mean look at the forecast 120 degree heat, worst drought ever, and like worst fire season ever. My only hope is that Hollywood moves like the rest of Californians and a state like NY will be the new home of Pixar and Disney and the rest of Animation.","https://www.reddit.com/r/climate/comments/nzbem1/what_do_you_guys_think_is_going_to_happen_to_la/","14/06/2021","climate","3","8","4","4"
"3X55NP42EPB8JJIV8092DFT9OHPP3P","3R4WH3MP1MOWZ8DZFP0Z9161PA21PS","Psychological affects of climate change","Labeling Reddit posts","posts, reddit, climatechange, emotions","$0.11","Mon Dec 13 09:26:18 PST 2021","7","BatchId:4630408;OriginalHitTemplateId:928390909;","3600","259200","Wed Dec 15 09:26:18 PST 2021","","","324G5B4FB53QI5DSJU23ZEZ7EE007I","A3E26Y02PGX10Y","Approved","Tue Dec 14 22:33:21 PST 2021","Tue Dec 14 22:34:13 PST 2021","Fri Dec 17 22:34:13 PST 2021","Fri Dec 17 22:35:04 PST 2021","","","52","100% (20/20)","100% (20/20)","100% (3/3)","126","What do you guys think is going to happen to LA in the several decades?","This is coming from somone who is planning on pursuing a career in the animation industry their but is concerned that by the time I'm able to have the career/job I want there climate change will render Los Angeles unlivable. I mean look at the forecast 120 degree heat, worst drought ever, and like worst fire season ever. My only hope is that Hollywood moves like the rest of Californians and a state like NY will be the new home of Pixar and Disney and the rest of Animation.","https://www.reddit.com/r/climate/comments/nzbem1/what_do_you_guys_think_is_going_to_happen_to_la/","14/06/2021","climate","5","8","5","5"
"3YLTXLH3DG1NDRPUNLY4H9UJ7M7HPO","3R4WH3MP1MOWZ8DZFP0Z9161PA21PS","Psychological affects of climate change","Labeling Reddit posts","posts, reddit, climatechange, emotions","$0.11","Mon Dec 13 09:26:18 PST 2021","7","BatchId:4630408;OriginalHitTemplateId:928390909;","3600","259200","Wed Dec 15 09:26:18 PST 2021","","","3GA6AFUKOQJJSMI1FQ6YSPM8VP2H3A","A1CF6U3GF7DZEJ","Approved","Mon Dec 13 10:00:27 PST 2021","Mon Dec 13 10:00:52 PST 2021","Thu Dec 16 10:00:52 PST 2021","Thu Dec 16 10:01:18 PST 2021","","","25","100% (60/60)","100% (49/49)","100% (37/37)","141","Increased precipitation","Is global warming going to cause more precipitation in some regions while decreasing it in other regions.  With the heat down phenomenon will it be drier within the dome and perhaps cause more precipitation along the edges of the dome?","https://www.reddit.com/r/climatechange/comments/opr5y4/increased_precipitation/","23/07/2021","climatechange","4","6","4","4"
"3YLTXLH3DG1NDRPUNLY4H9UJ7M7HPO","3R4WH3MP1MOWZ8DZFP0Z9161PA21PS","Psychological affects of climate change","Labeling Reddit posts","posts, reddit, climatechange, emotions","$0.11","Mon Dec 13 09:26:18 PST 2021","7","BatchId:4630408;OriginalHitTemplateId:928390909;","3600","259200","Wed Dec 15 09:26:18 PST 2021","","","37U1UTWH9XHIID2ANCDOXAWPYKS8RQ","A1IZ4NX41GKU4X","Approved","Mon Dec 13 09:51:31 PST 2021","Mon Dec 13 09:52:06 PST 2021","Thu Dec 16 09:52:06 PST 2021","Thu Dec 16 09:52:18 PST 2021","","","35","100% (268/268)","100% (195/195)","100% (174/174)","141","Increased precipitation","Is global warming going to cause more precipitation in some regions while decreasing it in other regions.  With the heat down phenomenon will it be drier within the dome and perhaps cause more precipitation along the edges of the dome?","https://www.reddit.com/r/climatechange/comments/opr5y4/increased_precipitation/","23/07/2021","climatechange","2","6","2","1"
"3YLTXLH3DG1NDRPUNLY4H9UJ7M7HPO","3R4WH3MP1MOWZ8DZFP0Z9161PA21PS","Psychological affects of climate change","Labeling Reddit posts","posts, reddit, climatechange, emotions","$0.11","Mon Dec 13 09:26:18 PST 2021","7","BatchId:4630408;OriginalHitTemplateId:928390909;","3600","259200","Wed Dec 15 09:26:18 PST 2021","","","3SNLUL3WO6I5DCEALVHX7Q5FPKSLUS","A1PAR1TMKFPKQE","Approved","Mon Dec 13 13:04:46 PST 2021","Mon Dec 13 13:05:28 PST 2021","Thu Dec 16 13:05:28 PST 2021","Thu Dec 16 13:06:21 PST 2021","","","42","100% (45/45)","100% (45/45)","100% (34/34)","141","Increased precipitation","Is global warming going to cause more precipitation in some regions while decreasing it in other regions.  With the heat down phenomenon will it be drier within the dome and perhaps cause more precipitation along the edges of the dome?","https://www.reddit.com/r/climatechange/comments/opr5y4/increased_precipitation/","23/07/2021","climatechange","2","8","3","1"
"3YLTXLH3DG1NDRPUNLY4H9UJ7M7HPO","3R4WH3MP1MOWZ8DZFP0Z9161PA21PS","Psychological affects of climate change","Labeling Reddit posts","posts, reddit, climatechange, emotions","$0.11","Mon Dec 13 09:26:18 PST 2021","7","BatchId:4630408;OriginalHitTemplateId:928390909;","3600","259200","Wed Dec 15 09:26:18 PST 2021","","","33PPO7FECXAH69VIEXUV5A9ZMGYDIR","A219VCQZADQ45W","Approved","Mon Dec 13 12:41:21 PST 2021","Mon Dec 13 12:42:01 PST 2021","Thu Dec 16 12:42:01 PST 2021","Thu Dec 16 12:42:21 PST 2021","","","40","100% (129/129)","100% (10/10)","0% (0/0)","141","Increased precipitation","Is global warming going to cause more precipitation in some regions while decreasing it in other regions.  With the heat down phenomenon will it be drier within the dome and perhaps cause more precipitation along the edges of the dome?","https://www.reddit.com/r/climatechange/comments/opr5y4/increased_precipitation/","23/07/2021","climatechange","1","8","2","1"
"3YLTXLH3DG1NDRPUNLY4H9UJ7M7HPO","3R4WH3MP1MOWZ8DZFP0Z9161PA21PS","Psychological affects of climate change","Labeling Reddit posts","posts, reddit, climatechange, emotions","$0.11","Mon Dec 13 09:26:18 PST 2021","7","BatchId:4630408;OriginalHitTemplateId:928390909;","3600","259200","Wed Dec 15 09:26:18 PST 2021","","","3EKVH9QME0ZDVOHGPU93IU2IXJB2DD","A2ELXYKRPPGRPB","Approved","Mon Dec 13 10:22:44 PST 2021","Mon Dec 13 10:23:03 PST 2021","Thu Dec 16 10:23:03 PST 2021","Thu Dec 16 10:23:18 PST 2021","","","19","100% (25/25)","100% (24/24)","100% (17/17)","141","Increased precipitation","Is global warming going to cause more precipitation in some regions while decreasing it in other regions.  With the heat down phenomenon will it be drier within the dome and perhaps cause more precipitation along the edges of the dome?","https://www.reddit.com/r/climatechange/comments/opr5y4/increased_precipitation/","23/07/2021","climatechange","2","6","2","2"
"3YLTXLH3DG1NDRPUNLY4H9UJ7M7HPO","3R4WH3MP1MOWZ8DZFP0Z9161PA21PS","Psychological affects of climate change","Labeling Reddit posts","posts, reddit, climatechange, emotions","$0.11","Mon Dec 13 09:26:18 PST 2021","7","BatchId:4630408;OriginalHitTemplateId:928390909;","3600","259200","Wed Dec 15 09:26:18 PST 2021","","","3Z7EFSHGNB94RCEZDNZLOEEWPWBXC2","A3E26Y02PGX10Y","Approved","Tue Dec 14 22:31:33 PST 2021","Tue Dec 14 22:32:21 PST 2021","Fri Dec 17 22:32:21 PST 2021","Fri Dec 17 22:33:04 PST 2021","","","48","100% (20/20)","100% (20/20)","100% (3/3)","141","Increased precipitation","Is global warming going to cause more precipitation in some regions while decreasing it in other regions.  With the heat down phenomenon will it be drier within the dome and perhaps cause more precipitation along the edges of the dome?","https://www.reddit.com/r/climatechange/comments/opr5y4/increased_precipitation/","23/07/2021","climatechange","3","8","3","3"
"3W3RSPVVGTM2RSGGVSCWJ7APWK8UL4","3R4WH3MP1MOWZ8DZFP0Z9161PA21PS","Psychological affects of climate change","Labeling Reddit posts","posts, reddit, climatechange, emotions","$0.11","Mon Dec 13 09:26:18 PST 2021","7","BatchId:4630408;OriginalHitTemplateId:928390909;","3600","259200","Wed Dec 15 09:26:18 PST 2021","","","3H0W84IWBMXZREC10FZOPKSB9NRRE9","A1CF6U3GF7DZEJ","Approved","Mon Dec 13 10:11:45 PST 2021","Mon Dec 13 10:12:09 PST 2021","Thu Dec 16 10:12:09 PST 2021","Thu Dec 16 10:12:18 PST 2021","","","24","100% (60/60)","100% (49/49)","100% (37/37)","142","Climate change is very good for my area.","Not going to lie honestly being in Texas climate change is great. Right now usually we are in terrible droughts, crazy amount of heat 100+ and everything is dead. We are usually asked to conserve water for watering lawns. This year has been so different and it's amazing. We are having amazing amounts of rain. Everything is green and alive with low 90's. I can't complain about this shift in climate at all.","https://www.reddit.com/r/climatechange/comments/opqfao/climate_change_is_very_good_for_my_area/","23/07/2021","climatechange","1","6","1","1"
"3W3RSPVVGTM2RSGGVSCWJ7APWK8UL4","3R4WH3MP1MOWZ8DZFP0Z9161PA21PS","Psychological affects of climate change","Labeling Reddit posts","posts, reddit, climatechange, emotions","$0.11","Mon Dec 13 09:26:18 PST 2021","7","BatchId:4630408;OriginalHitTemplateId:928390909;","3600","259200","Wed Dec 15 09:26:18 PST 2021","","","3X65QVEQI2I9RIXAZ4WXDKJ9IJOLCJ","A1IZ4NX41GKU4X","Approved","Mon Dec 13 09:53:13 PST 2021","Mon Dec 13 09:53:44 PST 2021","Thu Dec 16 09:53:44 PST 2021","Thu Dec 16 09:54:18 PST 2021","","","31","100% (268/268)","100% (195/195)","100% (174/174)","142","Climate change is very good for my area.","Not going to lie honestly being in Texas climate change is great. Right now usually we are in terrible droughts, crazy amount of heat 100+ and everything is dead. We are usually asked to conserve water for watering lawns. This year has been so different and it's amazing. We are having amazing amounts of rain. Everything is green and alive with low 90's. I can't complain about this shift in climate at all.","https://www.reddit.com/r/climatechange/comments/opqfao/climate_change_is_very_good_for_my_area/","23/07/2021","climatechange","1","6","1","1"
"3W3RSPVVGTM2RSGGVSCWJ7APWK8UL4","3R4WH3MP1MOWZ8DZFP0Z9161PA21PS","Psychological affects of climate change","Labeling Reddit posts","posts, reddit, climatechange, emotions","$0.11","Mon Dec 13 09:26:18 PST 2021","7","BatchId:4630408;OriginalHitTemplateId:928390909;","3600","259200","Wed Dec 15 09:26:18 PST 2021","","","3M0NZ3JDP3T8XM5ZZV0Y7TOX5C75ZD","A1PAR1TMKFPKQE","Approved","Mon Dec 13 13:03:29 PST 2021","Mon Dec 13 13:04:06 PST 2021","Thu Dec 16 13:04:06 PST 2021","Thu Dec 16 13:04:21 PST 2021","","","37","100% (45/45)","100% (45/45)","100% (34/34)","142","Climate change is very good for my area.","Not going to lie honestly being in Texas climate change is great. Right now usually we are in terrible droughts, crazy amount of heat 100+ and everything is dead. We are usually asked to conserve water for watering lawns. This year has been so different and it's amazing. We are having amazing amounts of rain. Everything is green and alive with low 90's. I can't complain about this shift in climate at all.","https://www.reddit.com/r/climatechange/comments/opqfao/climate_change_is_very_good_for_my_area/","23/07/2021","climatechange","1","8","1","1"
"3W3RSPVVGTM2RSGGVSCWJ7APWK8UL4","3R4WH3MP1MOWZ8DZFP0Z9161PA21PS","Psychological affects of climate change","Labeling Reddit posts","posts, reddit, climatechange, emotions","$0.11","Mon Dec 13 09:26:18 PST 2021","7","BatchId:4630408;OriginalHitTemplateId:928390909;","3600","259200","Wed Dec 15 09:26:18 PST 2021","","","34Q075JO1Z8C7JYQUELUY48UBPE10U","A219VCQZADQ45W","Approved","Mon Dec 13 12:40:39 PST 2021","Mon Dec 13 12:41:20 PST 2021","Thu Dec 16 12:41:20 PST 2021","Thu Dec 16 12:41:21 PST 2021","","","41","100% (129/129)","100% (10/10)","0% (0/0)","142","Climate change is very good for my area.","Not going to lie honestly being in Texas climate change is great. Right now usually we are in terrible droughts, crazy amount of heat 100+ and everything is dead. We are usually asked to conserve water for watering lawns. This year has been so different and it's amazing. We are having amazing amounts of rain. Everything is green and alive with low 90's. I can't complain about this shift in climate at all.","https://www.reddit.com/r/climatechange/comments/opqfao/climate_change_is_very_good_for_my_area/","23/07/2021","climatechange","1","8","1","1"
"3W3RSPVVGTM2RSGGVSCWJ7APWK8UL4","3R4WH3MP1MOWZ8DZFP0Z9161PA21PS","Psychological affects of climate change","Labeling Reddit posts","posts, reddit, climatechange, emotions","$0.11","Mon Dec 13 09:26:18 PST 2021","7","BatchId:4630408;OriginalHitTemplateId:928390909;","3600","259200","Wed Dec 15 09:26:18 PST 2021","","","3XLBSAQ9Z67NKQJINOFV5D2TWH6Z7O","A2ELXYKRPPGRPB","Approved","Mon Dec 13 10:20:45 PST 2021","Mon Dec 13 10:21:36 PST 2021","Thu Dec 16 10:21:36 PST 2021","Thu Dec 16 10:22:18 PST 2021","","","51","100% (25/25)","100% (24/24)","100% (17/17)","142","Climate change is very good for my area.","Not going to lie honestly being in Texas climate change is great. Right now usually we are in terrible droughts, crazy amount of heat 100+ and everything is dead. We are usually asked to conserve water for watering lawns. This year has been so different and it's amazing. We are having amazing amounts of rain. Everything is green and alive with low 90's. I can't complain about this shift in climate at all.","https://www.reddit.com/r/climatechange/comments/opqfao/climate_change_is_very_good_for_my_area/","23/07/2021","climatechange","1","6","1","1"
"3W3RSPVVGTM2RSGGVSCWJ7APWK8UL4","3R4WH3MP1MOWZ8DZFP0Z9161PA21PS","Psychological affects of climate change","Labeling Reddit posts","posts, reddit, climatechange, emotions","$0.11","Mon Dec 13 09:26:18 PST 2021","7","BatchId:4630408;OriginalHitTemplateId:928390909;","3600","259200","Wed Dec 15 09:26:18 PST 2021","","","3M0BCWMB8XR6S7H3PI74BBU7Y95WB1","A3E26Y02PGX10Y","Approved","Tue Dec 14 22:25:38 PST 2021","Tue Dec 14 22:26:36 PST 2021","Fri Dec 17 22:26:36 PST 2021","Fri Dec 17 22:27:04 PST 2021","","","58","100% (20/20)","100% (20/20)","100% (3/3)","142","Climate change is very good for my area.","Not going to lie honestly being in Texas climate change is great. Right now usually we are in terrible droughts, crazy amount of heat 100+ and everything is dead. We are usually asked to conserve water for watering lawns. This year has been so different and it's amazing. We are having amazing amounts of rain. Everything is green and alive with low 90's. I can't complain about this shift in climate at all.","https://www.reddit.com/r/climatechange/comments/opqfao/climate_change_is_very_good_for_my_area/","23/07/2021","climatechange","2","8","2","2"
"37G6BXQPLRGWTTZ7XX5NWBNGK21EQW","3R4WH3MP1MOWZ8DZFP0Z9161PA21PS","Psychological affects of climate change","Labeling Reddit posts","posts, reddit, climatechange, emotions","$0.11","Mon Dec 13 09:26:18 PST 2021","7","BatchId:4630408;OriginalHitTemplateId:928390909;","3600","259200","Wed Dec 15 09:26:18 PST 2021","","","369J354OFF54P9A8EMMEESMRQGR6G6","A1CF6U3GF7DZEJ","Approved","Mon Dec 13 09:59:35 PST 2021","Mon Dec 13 10:00:24 PST 2021","Thu Dec 16 10:00:24 PST 2021","Thu Dec 16 10:01:18 PST 2021","","","49","100% (60/60)","100% (49/49)","100% (37/37)","156","100% Renewable Energy Tariff","Considering that Energy & Heat industry accounts for emitting roughly 25% of Co2 pollution. I’ve made the conscious choice to only choose a 100% renewable electricity tariff moving forward. My supplier is Shell, which is slightly controversial I know, however I’ll investigate other ‘non controversial’ companies once my tariff ends. Indeed, I’d like to understand if this is actually 100% renewable (hydro, solar, wave or wind) and not also just ‘Carbon offsetting’. I’ve been thinking for a while what extra I can do, and feel this is something really easy that households could implement and push the “green” agenda. I know these tariffs are generally more expensive, but guess enough is enough and sacrifices ought to be made for a better world.Will everyone be doing the same?","https://www.reddit.com/r/climatechange/comments/onaezc/100_renewable_energy_tariff/","19/07/2021","climatechange","4","6","5","4"
"37G6BXQPLRGWTTZ7XX5NWBNGK21EQW","3R4WH3MP1MOWZ8DZFP0Z9161PA21PS","Psychological affects of climate change","Labeling Reddit posts","posts, reddit, climatechange, emotions","$0.11","Mon Dec 13 09:26:18 PST 2021","7","BatchId:4630408;OriginalHitTemplateId:928390909;","3600","259200","Wed Dec 15 09:26:18 PST 2021","","","3MX2NQ3YCBPJSR5KYDCDA88MXBC5XH","A1IZ4NX41GKU4X","Approved","Mon Dec 13 09:52:33 PST 2021","Mon Dec 13 09:53:13 PST 2021","Thu Dec 16 09:53:13 PST 2021","Thu Dec 16 09:53:18 PST 2021","","","40","100% (268/268)","100% (195/195)","100% (174/174)","156","100% Renewable Energy Tariff","Considering that Energy & Heat industry accounts for emitting roughly 25% of Co2 pollution. I’ve made the conscious choice to only choose a 100% renewable electricity tariff moving forward. My supplier is Shell, which is slightly controversial I know, however I’ll investigate other ‘non controversial’ companies once my tariff ends. Indeed, I’d like to understand if this is actually 100% renewable (hydro, solar, wave or wind) and not also just ‘Carbon offsetting’. I’ve been thinking for a while what extra I can do, and feel this is something really easy that households could implement and push the “green” agenda. I know these tariffs are generally more expensive, but guess enough is enough and sacrifices ought to be made for a better world.Will everyone be doing the same?","https://www.reddit.com/r/climatechange/comments/onaezc/100_renewable_energy_tariff/","19/07/2021","climatechange","3","6","3","3"
"37G6BXQPLRGWTTZ7XX5NWBNGK21EQW","3R4WH3MP1MOWZ8DZFP0Z9161PA21PS","Psychological affects of climate change","Labeling Reddit posts","posts, reddit, climatechange, emotions","$0.11","Mon Dec 13 09:26:18 PST 2021","7","BatchId:4630408;OriginalHitTemplateId:928390909;","3600","259200","Wed Dec 15 09:26:18 PST 2021","","","3DPNQGW4LNAODTHOJLKD53PO0CG46H","A1PAR1TMKFPKQE","Approved","Mon Dec 13 13:08:49 PST 2021","Mon Dec 13 13:10:16 PST 2021","Thu Dec 16 13:10:16 PST 2021","Thu Dec 16 13:10:21 PST 2021","","","87","100% (45/45)","100% (45/45)","100% (34/34)","156","100% Renewable Energy Tariff","Considering that Energy & Heat industry accounts for emitting roughly 25% of Co2 pollution. I’ve made the conscious choice to only choose a 100% renewable electricity tariff moving forward. My supplier is Shell, which is slightly controversial I know, however I’ll investigate other ‘non controversial’ companies once my tariff ends. Indeed, I’d like to understand if this is actually 100% renewable (hydro, solar, wave or wind) and not also just ‘Carbon offsetting’. I’ve been thinking for a while what extra I can do, and feel this is something really easy that households could implement and push the “green” agenda. I know these tariffs are generally more expensive, but guess enough is enough and sacrifices ought to be made for a better world.Will everyone be doing the same?","https://www.reddit.com/r/climatechange/comments/onaezc/100_renewable_energy_tariff/","19/07/2021","climatechange","4","8","4","2"
"37G6BXQPLRGWTTZ7XX5NWBNGK21EQW","3R4WH3MP1MOWZ8DZFP0Z9161PA21PS","Psychological affects of climate change","Labeling Reddit posts","posts, reddit, climatechange, emotions","$0.11","Mon Dec 13 09:26:18 PST 2021","7","BatchId:4630408;OriginalHitTemplateId:928390909;","3600","259200","Wed Dec 15 09:26:18 PST 2021","","","3E13VNJ1NPQNEEF6Y4A0488QXJWI17","A219VCQZADQ45W","Approved","Mon Dec 13 12:44:44 PST 2021","Mon Dec 13 12:45:32 PST 2021","Thu Dec 16 12:45:32 PST 2021","Thu Dec 16 12:46:21 PST 2021","","","48","100% (129/129)","100% (10/10)","0% (0/0)","156","100% Renewable Energy Tariff","Considering that Energy & Heat industry accounts for emitting roughly 25% of Co2 pollution. I’ve made the conscious choice to only choose a 100% renewable electricity tariff moving forward. My supplier is Shell, which is slightly controversial I know, however I’ll investigate other ‘non controversial’ companies once my tariff ends. Indeed, I’d like to understand if this is actually 100% renewable (hydro, solar, wave or wind) and not also just ‘Carbon offsetting’. I’ve been thinking for a while what extra I can do, and feel this is something really easy that households could implement and push the “green” agenda. I know these tariffs are generally more expensive, but guess enough is enough and sacrifices ought to be made for a better world.Will everyone be doing the same?","https://www.reddit.com/r/climatechange/comments/onaezc/100_renewable_energy_tariff/","19/07/2021","climatechange","3","8","4","3"
"37G6BXQPLRGWTTZ7XX5NWBNGK21EQW","3R4WH3MP1MOWZ8DZFP0Z9161PA21PS","Psychological affects of climate change","Labeling Reddit posts","posts, reddit, climatechange, emotions","$0.11","Mon Dec 13 09:26:18 PST 2021","7","BatchId:4630408;OriginalHitTemplateId:928390909;","3600","259200","Wed Dec 15 09:26:18 PST 2021","","","3WJEQKOXAAX88WW8MGINNAK7KA0A12","A2ELXYKRPPGRPB","Approved","Mon Dec 13 10:21:39 PST 2021","Mon Dec 13 10:22:00 PST 2021","Thu Dec 16 10:22:00 PST 2021","Thu Dec 16 10:22:18 PST 2021","","","21","100% (25/25)","100% (24/24)","100% (17/17)","156","100% Renewable Energy Tariff","Considering that Energy & Heat industry accounts for emitting roughly 25% of Co2 pollution. I’ve made the conscious choice to only choose a 100% renewable electricity tariff moving forward. My supplier is Shell, which is slightly controversial I know, however I’ll investigate other ‘non controversial’ companies once my tariff ends. Indeed, I’d like to understand if this is actually 100% renewable (hydro, solar, wave or wind) and not also just ‘Carbon offsetting’. I’ve been thinking for a while what extra I can do, and feel this is something really easy that households could implement and push the “green” agenda. I know these tariffs are generally more expensive, but guess enough is enough and sacrifices ought to be made for a better world.Will everyone be doing the same?","https://www.reddit.com/r/climatechange/comments/onaezc/100_renewable_energy_tariff/","19/07/2021","climatechange","3","6","3","3"
"37G6BXQPLRGWTTZ7XX5NWBNGK21EQW","3R4WH3MP1MOWZ8DZFP0Z9161PA21PS","Psychological affects of climate change","Labeling Reddit posts","posts, reddit, climatechange, emotions","$0.11","Mon Dec 13 09:26:18 PST 2021","7","BatchId:4630408;OriginalHitTemplateId:928390909;","3600","259200","Wed Dec 15 09:26:18 PST 2021","","","36ZN444YTTT8A6M7468BG4LYQXQOIQ","A3E26Y02PGX10Y","Approved","Tue Dec 14 22:27:54 PST 2021","Tue Dec 14 22:29:34 PST 2021","Fri Dec 17 22:29:34 PST 2021","Fri Dec 17 22:30:04 PST 2021","","","100","100% (20/20)","100% (20/20)","100% (3/3)","156","100% Renewable Energy Tariff","Considering that Energy & Heat industry accounts for emitting roughly 25% of Co2 pollution. I’ve made the conscious choice to only choose a 100% renewable electricity tariff moving forward. My supplier is Shell, which is slightly controversial I know, however I’ll investigate other ‘non controversial’ companies once my tariff ends. Indeed, I’d like to understand if this is actually 100% renewable (hydro, solar, wave or wind) and not also just ‘Carbon offsetting’. I’ve been thinking for a while what extra I can do, and feel this is something really easy that households could implement and push the “green” agenda. I know these tariffs are generally more expensive, but guess enough is enough and sacrifices ought to be made for a better world.Will everyone be doing the same?","https://www.reddit.com/r/climatechange/comments/onaezc/100_renewable_energy_tariff/","19/07/2021","climatechange","4","8","4","3"
"37G6BXQPLRGWTTZ7XX5NWBNGK21EQW","3R4WH3MP1MOWZ8DZFP0Z9161PA21PS","Psychological affects of climate change","Labeling Reddit posts","posts, reddit, climatechange, emotions","$0.11","Mon Dec 13 09:26:18 PST 2021","7","BatchId:4630408;OriginalHitTemplateId:928390909;","3600","259200","Wed Dec 15 09:26:18 PST 2021","","","3HFNH7HEMJ9XZRTSTV0CKX3IQH0QGK","AQ53YJDPDDLZ","Approved","Mon Dec 13 09:37:06 PST 2021","Mon Dec 13 09:38:00 PST 2021","Thu Dec 16 09:38:00 PST 2021","Thu Dec 16 09:38:18 PST 2021","","","54","100% (12/12)","100% (9/9)","100% (3/3)","156","100% Renewable Energy Tariff","Considering that Energy & Heat industry accounts for emitting roughly 25% of Co2 pollution. I’ve made the conscious choice to only choose a 100% renewable electricity tariff moving forward. My supplier is Shell, which is slightly controversial I know, however I’ll investigate other ‘non controversial’ companies once my tariff ends. Indeed, I’d like to understand if this is actually 100% renewable (hydro, solar, wave or wind) and not also just ‘Carbon offsetting’. I’ve been thinking for a while what extra I can do, and feel this is something really easy that households could implement and push the “green” agenda. I know these tariffs are generally more expensive, but guess enough is enough and sacrifices ought to be made for a better world.Will everyone be doing the same?","https://www.reddit.com/r/climatechange/comments/onaezc/100_renewable_energy_tariff/","19/07/2021","climatechange","1","6","3","4"
"3FDWKV9VCOXMXAY1V4DBJKPEWPYUM6","3R4WH3MP1MOWZ8DZFP0Z9161PA21PS","Psychological affects of climate change","Labeling Reddit posts","posts, reddit, climatechange, emotions","$0.11","Mon Dec 13 09:26:18 PST 2021","7","BatchId:4630408;OriginalHitTemplateId:928390909;","3600","259200","Wed Dec 15 09:26:18 PST 2021","","","3IJXV6UZ1ZEB7JENWYPFAZQ31GYRII","A1CF6U3GF7DZEJ","Approved","Mon Dec 13 10:12:37 PST 2021","Mon Dec 13 10:12:58 PST 2021","Thu Dec 16 10:12:58 PST 2021","Thu Dec 16 10:13:18 PST 2021","","","21","100% (60/60)","100% (49/49)","100% (37/37)","269","Just me or has some tipping point blown up in the last 12-24 months?","Is it just me or has the last 12-24 months seen a huge increase in freak events (bushfires, floods, heat waves, etc.)? These aren't 'normal' freak events like the years before. The severity has stepped up considerably. We have climate change related disasters killing hundreds of people in developed nations now. Bush fires clearing out unimaginable swathes of forest in developed nations. Did some tipping point get reached like some ocean current stopped? Reduction of dimming effect from soot?","https://www.reddit.com/r/collapse/comments/ol84nm/just_me_or_has_some_tipping_point_blown_up_in_the/","16/07/2021","collapse","5","6","5","5"
"3FDWKV9VCOXMXAY1V4DBJKPEWPYUM6","3R4WH3MP1MOWZ8DZFP0Z9161PA21PS","Psychological affects of climate change","Labeling Reddit posts","posts, reddit, climatechange, emotions","$0.11","Mon Dec 13 09:26:18 PST 2021","7","BatchId:4630408;OriginalHitTemplateId:928390909;","3600","259200","Wed Dec 15 09:26:18 PST 2021","","","38JBBYETQQ5SQ8A3P33BHRH1H96E4C","A1IZ4NX41GKU4X","Approved","Mon Dec 13 09:52:06 PST 2021","Mon Dec 13 09:52:32 PST 2021","Thu Dec 16 09:52:32 PST 2021","Thu Dec 16 09:53:18 PST 2021","","","26","100% (268/268)","100% (195/195)","100% (174/174)","269","Just me or has some tipping point blown up in the last 12-24 months?","Is it just me or has the last 12-24 months seen a huge increase in freak events (bushfires, floods, heat waves, etc.)? These aren't 'normal' freak events like the years before. The severity has stepped up considerably. We have climate change related disasters killing hundreds of people in developed nations now. Bush fires clearing out unimaginable swathes of forest in developed nations. Did some tipping point get reached like some ocean current stopped? Reduction of dimming effect from soot?","https://www.reddit.com/r/collapse/comments/ol84nm/just_me_or_has_some_tipping_point_blown_up_in_the/","16/07/2021","collapse","5","6","5","5"
"3FDWKV9VCOXMXAY1V4DBJKPEWPYUM6","3R4WH3MP1MOWZ8DZFP0Z9161PA21PS","Psychological affects of climate change","Labeling Reddit posts","posts, reddit, climatechange, emotions","$0.11","Mon Dec 13 09:26:18 PST 2021","7","BatchId:4630408;OriginalHitTemplateId:928390909;","3600","259200","Wed Dec 15 09:26:18 PST 2021","","","3HQUKB7LNH9YMUP0UBV0WJNIEVHHHG","A1PAR1TMKFPKQE","Approved","Mon Dec 13 13:05:31 PST 2021","Mon Dec 13 13:06:35 PST 2021","Thu Dec 16 13:06:35 PST 2021","Thu Dec 16 13:07:21 PST 2021","","","64","100% (45/45)","100% (45/45)","100% (34/34)","269","Just me or has some tipping point blown up in the last 12-24 months?","Is it just me or has the last 12-24 months seen a huge increase in freak events (bushfires, floods, heat waves, etc.)? These aren't 'normal' freak events like the years before. The severity has stepped up considerably. We have climate change related disasters killing hundreds of people in developed nations now. Bush fires clearing out unimaginable swathes of forest in developed nations. Did some tipping point get reached like some ocean current stopped? Reduction of dimming effect from soot?","https://www.reddit.com/r/collapse/comments/ol84nm/just_me_or_has_some_tipping_point_blown_up_in_the/","16/07/2021","collapse","5","8","2","5"
"3FDWKV9VCOXMXAY1V4DBJKPEWPYUM6","3R4WH3MP1MOWZ8DZFP0Z9161PA21PS","Psychological affects of climate change","Labeling Reddit posts","posts, reddit, climatechange, emotions","$0.11","Mon Dec 13 09:26:18 PST 2021","7","BatchId:4630408;OriginalHitTemplateId:928390909;","3600","259200","Wed Dec 15 09:26:18 PST 2021","","","3PDJHANYK7BIP55JYS4WZSYS5HVH69","A219VCQZADQ45W","Approved","Mon Dec 13 12:38:39 PST 2021","Mon Dec 13 12:39:19 PST 2021","Thu Dec 16 12:39:19 PST 2021","Thu Dec 16 12:39:21 PST 2021","","","40","100% (129/129)","100% (10/10)","0% (0/0)","269","Just me or has some tipping point blown up in the last 12-24 months?","Is it just me or has the last 12-24 months seen a huge increase in freak events (bushfires, floods, heat waves, etc.)? These aren't 'normal' freak events like the years before. The severity has stepped up considerably. We have climate change related disasters killing hundreds of people in developed nations now. Bush fires clearing out unimaginable swathes of forest in developed nations. Did some tipping point get reached like some ocean current stopped? Reduction of dimming effect from soot?","https://www.reddit.com/r/collapse/comments/ol84nm/just_me_or_has_some_tipping_point_blown_up_in_the/","16/07/2021","collapse","3","8","4","4"
"3FDWKV9VCOXMXAY1V4DBJKPEWPYUM6","3R4WH3MP1MOWZ8DZFP0Z9161PA21PS","Psychological affects of climate change","Labeling Reddit posts","posts, reddit, climatechange, emotions","$0.11","Mon Dec 13 09:26:18 PST 2021","7","BatchId:4630408;OriginalHitTemplateId:928390909;","3600","259200","Wed Dec 15 09:26:18 PST 2021","","","354P56DE9MYQJEX4SWLN9K5Q96IS7W","A3E26Y02PGX10Y","Approved","Tue Dec 14 22:35:08 PST 2021","Tue Dec 14 22:36:25 PST 2021","Fri Dec 17 22:36:25 PST 2021","Fri Dec 17 22:37:04 PST 2021","","","77","100% (20/20)","100% (20/20)","100% (3/3)","269","Just me or has some tipping point blown up in the last 12-24 months?","Is it just me or has the last 12-24 months seen a huge increase in freak events (bushfires, floods, heat waves, etc.)? These aren't 'normal' freak events like the years before. The severity has stepped up considerably. We have climate change related disasters killing hundreds of people in developed nations now. Bush fires clearing out unimaginable swathes of forest in developed nations. Did some tipping point get reached like some ocean current stopped? Reduction of dimming effect from soot?","https://www.reddit.com/r/collapse/comments/ol84nm/just_me_or_has_some_tipping_point_blown_up_in_the/","16/07/2021","collapse","4","8","4","4"
"3K2CEDRACCW7XXJCVZN1EO3CDBRMT7","3R4WH3MP1MOWZ8DZFP0Z9161PA21PS","Psychological affects of climate change","Labeling Reddit posts","posts, reddit, climatechange, emotions","$0.11","Mon Dec 13 09:26:18 PST 2021","7","BatchId:4630408;OriginalHitTemplateId:928390909;","3600","259200","Wed Dec 15 09:26:18 PST 2021","","","3180JW2OT67IX70VH9XCJZ07MDYJ58","A1CF6U3GF7DZEJ","Approved","Mon Dec 13 10:11:07 PST 2021","Mon Dec 13 10:11:37 PST 2021","Thu Dec 16 10:11:37 PST 2021","Thu Dec 16 10:12:18 PST 2021","","","30","100% (60/60)","100% (49/49)","100% (37/37)","410","Record breaking heat, drought, and reopening. Does anyone think this 4th of July is going to be a spark that ignites many forest fires?","With restrictions lifting and people finally getting together to celebrate for the first time in over a year I believe people are going to be more reckless this 4th of July when it comes to fireworks. This combined with record heat and lack of rain in the west could be a dangerous situation. I hope that people in fire prone areas can use common sense to not set off fire works this year, but I do not have much faith in our common sense as a whole.","https://www.reddit.com/r/collapse/comments/o70h2w/record_breaking_heat_drought_and_reopening_does/","24/06/2021","collapse","2","6","2","2"
"3K2CEDRACCW7XXJCVZN1EO3CDBRMT7","3R4WH3MP1MOWZ8DZFP0Z9161PA21PS","Psychological affects of climate change","Labeling Reddit posts","posts, reddit, climatechange, emotions","$0.11","Mon Dec 13 09:26:18 PST 2021","7","BatchId:4630408;OriginalHitTemplateId:928390909;","3600","259200","Wed Dec 15 09:26:18 PST 2021","","","3OCHAWUVGQFMAAQN50GJCXR4U17KXH","A1IZ4NX41GKU4X","Approved","Mon Dec 13 09:49:25 PST 2021","Mon Dec 13 09:50:11 PST 2021","Thu Dec 16 09:50:11 PST 2021","Thu Dec 16 09:50:18 PST 2021","","","46","100% (268/268)","100% (195/195)","100% (174/174)","410","Record breaking heat, drought, and reopening. Does anyone think this 4th of July is going to be a spark that ignites many forest fires?","With restrictions lifting and people finally getting together to celebrate for the first time in over a year I believe people are going to be more reckless this 4th of July when it comes to fireworks. This combined with record heat and lack of rain in the west could be a dangerous situation. I hope that people in fire prone areas can use common sense to not set off fire works this year, but I do not have much faith in our common sense as a whole.","https://www.reddit.com/r/collapse/comments/o70h2w/record_breaking_heat_drought_and_reopening_does/","24/06/2021","collapse","2","6","2","1"
"3K2CEDRACCW7XXJCVZN1EO3CDBRMT7","3R4WH3MP1MOWZ8DZFP0Z9161PA21PS","Psychological affects of climate change","Labeling Reddit posts","posts, reddit, climatechange, emotions","$0.11","Mon Dec 13 09:26:18 PST 2021","7","BatchId:4630408;OriginalHitTemplateId:928390909;","3600","259200","Wed Dec 15 09:26:18 PST 2021","","","3PQ8K71NHZF42K98IZBGYBDAO51AAN","A1PAR1TMKFPKQE","Approved","Mon Dec 13 13:02:20 PST 2021","Mon Dec 13 13:03:24 PST 2021","Thu Dec 16 13:03:24 PST 2021","Thu Dec 16 13:04:21 PST 2021","","","64","100% (45/45)","100% (45/45)","100% (34/34)","410","Record breaking heat, drought, and reopening. Does anyone think this 4th of July is going to be a spark that ignites many forest fires?","With restrictions lifting and people finally getting together to celebrate for the first time in over a year I believe people are going to be more reckless this 4th of July when it comes to fireworks. This combined with record heat and lack of rain in the west could be a dangerous situation. I hope that people in fire prone areas can use common sense to not set off fire works this year, but I do not have much faith in our common sense as a whole.","https://www.reddit.com/r/collapse/comments/o70h2w/record_breaking_heat_drought_and_reopening_does/","24/06/2021","collapse","2","8","2","2"
"3K2CEDRACCW7XXJCVZN1EO3CDBRMT7","3R4WH3MP1MOWZ8DZFP0Z9161PA21PS","Psychological affects of climate change","Labeling Reddit posts","posts, reddit, climatechange, emotions","$0.11","Mon Dec 13 09:26:18 PST 2021","7","BatchId:4630408;OriginalHitTemplateId:928390909;","3600","259200","Wed Dec 15 09:26:18 PST 2021","","","3KJYX6QCMB6ZV1FAN0FPNXU6Z2RJV8","A219VCQZADQ45W","Approved","Mon Dec 13 12:42:02 PST 2021","Mon Dec 13 12:43:47 PST 2021","Thu Dec 16 12:43:47 PST 2021","Thu Dec 16 12:44:21 PST 2021","","","105","100% (129/129)","100% (10/10)","0% (0/0)","410","Record breaking heat, drought, and reopening. Does anyone think this 4th of July is going to be a spark that ignites many forest fires?","With restrictions lifting and people finally getting together to celebrate for the first time in over a year I believe people are going to be more reckless this 4th of July when it comes to fireworks. This combined with record heat and lack of rain in the west could be a dangerous situation. I hope that people in fire prone areas can use common sense to not set off fire works this year, but I do not have much faith in our common sense as a whole.","https://www.reddit.com/r/collapse/comments/o70h2w/record_breaking_heat_drought_and_reopening_does/","24/06/2021","collapse","3","8","2","3"
"3K2CEDRACCW7XXJCVZN1EO3CDBRMT7","3R4WH3MP1MOWZ8DZFP0Z9161PA21PS","Psychological affects of climate change","Labeling Reddit posts","posts, reddit, climatechange, emotions","$0.11","Mon Dec 13 09:26:18 PST 2021","7","BatchId:4630408;OriginalHitTemplateId:928390909;","3600","259200","Wed Dec 15 09:26:18 PST 2021","","","3VJ40NV2QKIYJK2IYI7FUBN71E6OT7","A3E26Y02PGX10Y","Approved","Tue Dec 14 22:29:41 PST 2021","Tue Dec 14 22:30:36 PST 2021","Fri Dec 17 22:30:36 PST 2021","Fri Dec 17 22:31:04 PST 2021","","","55","100% (20/20)","100% (20/20)","100% (3/3)","410","Record breaking heat, drought, and reopening. Does anyone think this 4th of July is going to be a spark that ignites many forest fires?","With restrictions lifting and people finally getting together to celebrate for the first time in over a year I believe people are going to be more reckless this 4th of July when it comes to fireworks. This combined with record heat and lack of rain in the west could be a dangerous situation. I hope that people in fire prone areas can use common sense to not set off fire works this year, but I do not have much faith in our common sense as a whole.","https://www.reddit.com/r/collapse/comments/o70h2w/record_breaking_heat_drought_and_reopening_does/","24/06/2021","collapse","1","8","4","1"
"3LG268AV391W5UE7ACUN11XLGO3ERX","3R4WH3MP1MOWZ8DZFP0Z9161PA21PS","Psychological affects of climate change","Labeling Reddit posts","posts, reddit, climatechange, emotions","$0.11","Mon Dec 13 09:26:19 PST 2021","7","BatchId:4630408;OriginalHitTemplateId:928390909;","3600","259200","Wed Dec 15 09:26:19 PST 2021","","","3N8OEVH1FTLI6SXA21LG01HK22COO0","A1CF6U3GF7DZEJ","Approved","Mon Dec 13 10:01:36 PST 2021","Mon Dec 13 10:02:03 PST 2021","Thu Dec 16 10:02:03 PST 2021","Thu Dec 16 10:02:18 PST 2021","","","27","100% (60/60)","100% (49/49)","100% (37/37)","73","Can the impending climate crisis be completely avoided ?","There are a lot of talks on the internet of ""slowing down"" climate change or limiting it's effects. But I would like to know if we can completely overturn the damages we've done to the climate.According to [climate.gov](https://climate.gov) ,Even if all human emissions were to stop, the heat emitted by the earth is still going to increase for decades due to the heat trapped in the oceans.So even if we make very drastic changes (which is unlikely to happen)  there looks like there is no way to stop the impending climate doom.I would like someone to tell me if my analysis is correct and please be pragmatic and realistic, not looking for optimistic or sanguine replies.Also, realistically what would a climate doom day look like ?","https://www.reddit.com/r/climate/comments/oce0ja/can_the_impending_climate_crisis_be_completely/","02/07/2021","climate","5","6","5","5"
"3LG268AV391W5UE7ACUN11XLGO3ERX","3R4WH3MP1MOWZ8DZFP0Z9161PA21PS","Psychological affects of climate change","Labeling Reddit posts","posts, reddit, climatechange, emotions","$0.11","Mon Dec 13 09:26:19 PST 2021","7","BatchId:4630408;OriginalHitTemplateId:928390909;","3600","259200","Wed Dec 15 09:26:19 PST 2021","","","3WETL7AQWV37CTY6EO5P3SJIQGB53H","A1IZ4NX41GKU4X","Approved","Mon Dec 13 09:47:46 PST 2021","Mon Dec 13 09:48:27 PST 2021","Thu Dec 16 09:48:27 PST 2021","Thu Dec 16 09:49:18 PST 2021","","","41","100% (268/268)","100% (195/195)","100% (174/174)","73","Can the impending climate crisis be completely avoided ?","There are a lot of talks on the internet of ""slowing down"" climate change or limiting it's effects. But I would like to know if we can completely overturn the damages we've done to the climate.According to [climate.gov](https://climate.gov) ,Even if all human emissions were to stop, the heat emitted by the earth is still going to increase for decades due to the heat trapped in the oceans.So even if we make very drastic changes (which is unlikely to happen)  there looks like there is no way to stop the impending climate doom.I would like someone to tell me if my analysis is correct and please be pragmatic and realistic, not looking for optimistic or sanguine replies.Also, realistically what would a climate doom day look like ?","https://www.reddit.com/r/climate/comments/oce0ja/can_the_impending_climate_crisis_be_completely/","02/07/2021","climate","4","6","4","5"
"3LG268AV391W5UE7ACUN11XLGO3ERX","3R4WH3MP1MOWZ8DZFP0Z9161PA21PS","Psychological affects of climate change","Labeling Reddit posts","posts, reddit, climatechange, emotions","$0.11","Mon Dec 13 09:26:19 PST 2021","7","BatchId:4630408;OriginalHitTemplateId:928390909;","3600","259200","Wed Dec 15 09:26:19 PST 2021","","","3R6P78PK7M6AR7LKAZU7P2E5APZTG3","A1PAR1TMKFPKQE","Approved","Mon Dec 13 13:06:39 PST 2021","Mon Dec 13 13:07:46 PST 2021","Thu Dec 16 13:07:46 PST 2021","Thu Dec 16 13:08:21 PST 2021","","","67","100% (45/45)","100% (45/45)","100% (34/34)","73","Can the impending climate crisis be completely avoided ?","There are a lot of talks on the internet of ""slowing down"" climate change or limiting it's effects. But I would like to know if we can completely overturn the damages we've done to the climate.According to [climate.gov](https://climate.gov) ,Even if all human emissions were to stop, the heat emitted by the earth is still going to increase for decades due to the heat trapped in the oceans.So even if we make very drastic changes (which is unlikely to happen)  there looks like there is no way to stop the impending climate doom.I would like someone to tell me if my analysis is correct and please be pragmatic and realistic, not looking for optimistic or sanguine replies.Also, realistically what would a climate doom day look like ?","https://www.reddit.com/r/climate/comments/oce0ja/can_the_impending_climate_crisis_be_completely/","02/07/2021","climate","2","8","5","1"
"3LG268AV391W5UE7ACUN11XLGO3ERX","3R4WH3MP1MOWZ8DZFP0Z9161PA21PS","Psychological affects of climate change","Labeling Reddit posts","posts, reddit, climatechange, emotions","$0.11","Mon Dec 13 09:26:19 PST 2021","7","BatchId:4630408;OriginalHitTemplateId:928390909;","3600","259200","Wed Dec 15 09:26:19 PST 2021","","","3TXD01ZLD6C9F47PF3IGL9343YT4UE","A219VCQZADQ45W","Approved","Mon Dec 13 12:43:47 PST 2021","Mon Dec 13 12:44:44 PST 2021","Thu Dec 16 12:44:44 PST 2021","Thu Dec 16 12:45:21 PST 2021","","","57","100% (129/129)","100% (10/10)","0% (0/0)","73","Can the impending climate crisis be completely avoided ?","There are a lot of talks on the internet of ""slowing down"" climate change or limiting it's effects. But I would like to know if we can completely overturn the damages we've done to the climate.According to [climate.gov](https://climate.gov) ,Even if all human emissions were to stop, the heat emitted by the earth is still going to increase for decades due to the heat trapped in the oceans.So even if we make very drastic changes (which is unlikely to happen)  there looks like there is no way to stop the impending climate doom.I would like someone to tell me if my analysis is correct and please be pragmatic and realistic, not looking for optimistic or sanguine replies.Also, realistically what would a climate doom day look like ?","https://www.reddit.com/r/climate/comments/oce0ja/can_the_impending_climate_crisis_be_completely/","02/07/2021","climate","4","8","5","5"
"3LG268AV391W5UE7ACUN11XLGO3ERX","3R4WH3MP1MOWZ8DZFP0Z9161PA21PS","Psychological affects of climate change","Labeling Reddit posts","posts, reddit, climatechange, emotions","$0.11","Mon Dec 13 09:26:19 PST 2021","7","BatchId:4630408;OriginalHitTemplateId:928390909;","3600","259200","Wed Dec 15 09:26:19 PST 2021","","","3RKNTXVS3OTP0VTR9Y1PL8RAWUAA4F","A2ELXYKRPPGRPB","Approved","Mon Dec 13 10:22:05 PST 2021","Mon Dec 13 10:22:41 PST 2021","Thu Dec 16 10:22:41 PST 2021","Thu Dec 16 10:23:18 PST 2021","","","36","100% (25/25)","100% (24/24)","100% (17/17)","73","Can the impending climate crisis be completely avoided ?","There are a lot of talks on the internet of ""slowing down"" climate change or limiting it's effects. But I would like to know if we can completely overturn the damages we've done to the climate.According to [climate.gov](https://climate.gov) ,Even if all human emissions were to stop, the heat emitted by the earth is still going to increase for decades due to the heat trapped in the oceans.So even if we make very drastic changes (which is unlikely to happen)  there looks like there is no way to stop the impending climate doom.I would like someone to tell me if my analysis is correct and please be pragmatic and realistic, not looking for optimistic or sanguine replies.Also, realistically what would a climate doom day look like ?","https://www.reddit.com/r/climate/comments/oce0ja/can_the_impending_climate_crisis_be_completely/","02/07/2021","climate","4","6","4","4"
"3LG268AV391W5UE7ACUN11XLGO3ERX","3R4WH3MP1MOWZ8DZFP0Z9161PA21PS","Psychological affects of climate change","Labeling Reddit posts","posts, reddit, climatechange, emotions","$0.11","Mon Dec 13 09:26:19 PST 2021","7","BatchId:4630408;OriginalHitTemplateId:928390909;","3600","259200","Wed Dec 15 09:26:19 PST 2021","","","3XC1O3LBOUHQDZZLLQRN2UJD691LTN","A3E26Y02PGX10Y","Approved","Tue Dec 14 22:26:45 PST 2021","Tue Dec 14 22:27:42 PST 2021","Fri Dec 17 22:27:42 PST 2021","Fri Dec 17 22:28:04 PST 2021","","","57","100% (20/20)","100% (20/20)","100% (3/3)","73","Can the impending climate crisis be completely avoided ?","There are a lot of talks on the internet of ""slowing down"" climate change or limiting it's effects. But I would like to know if we can completely overturn the damages we've done to the climate.According to [climate.gov](https://climate.gov) ,Even if all human emissions were to stop, the heat emitted by the earth is still going to increase for decades due to the heat trapped in the oceans.So even if we make very drastic changes (which is unlikely to happen)  there looks like there is no way to stop the impending climate doom.I would like someone to tell me if my analysis is correct and please be pragmatic and realistic, not looking for optimistic or sanguine replies.Also, realistically what would a climate doom day look like ?","https://www.reddit.com/r/climate/comments/oce0ja/can_the_impending_climate_crisis_be_completely/","02/07/2021","climate","2","8","3","3"